SueMarvin3,4 tRump Suckers spanked! https://t.co/DSjJVGNGCt,-1
DonaldTrump_Is,RT @Rushmore8382: @SykesCharlie "Today Donald Trump is the face of what the GOP has become." Yes the old GOP is dead.The Trump Party hat‚Ä¶,-1
lavonj14,RT @RossKinCaid5: @BeNiceButDefend @lavonj14 Trump should have reached over and slapped that fucking bitch right then.,1
Rushmore8382,@SykesCharlie "Today Donald Trump is the face of what the GOP has become." Yes the old GOP is dead.The Trump Par‚Ä¶ https://t.co/wbutmpcaxF,-1
WagnerTalone44,Trump condemns ‚Äòhorrible and cowardly‚Äô Egypt mosque attack that left at least 235 dead 109 wounded https://t.co/y7iJF6cFam,0
able1954,RT @able1954: We #NeedtoImpeach @RealDonaldTrump. Join me and sign on to @TomSteyer‚Äôs petition demanding Congress impeach Trump. https://t.‚Ä¶,-1
audreymac01,‚Äútrump trump has lowered our standards‚Äù,-1
RossKinCaid5,@BeNiceButDefend @lavonj14 Trump should have reached over and slapped that fucking bitch right then.,1
spokanetom,@realdonaldtrump you just got your ass kicked by another Muslim. Saudi prince beating Trump in Time‚Äôs Person of the‚Ä¶ https://t.co/AmMN2RxRra,-1
spokanetom,The special counsel has had enough evidence to charge Flynn and his son for weeks. The delay in charges was likely‚Ä¶ https://t.co/887zgYBQxI,0
spokanetom,@cathymcmorris @TheInlander @ubnews @SpokesmanReview @kxly @khq @KREM2 This is news that needs a response from dec‚Ä¶ https://t.co/qmtQgrs6Ry,0
reconjoe8tet68,You are blessed! This is so cute these children of God will make America great again after Mr Trump sets the foun‚Ä¶ https://t.co/4uYEPMOpEA,1
wow_slim1968,@realDonaldTrump Great day that we have a president that responds with action not just words! We're blessed to have‚Ä¶ https://t.co/Nipmd4FRRZ,1
lynneeharrison,#LiarInChief has once again raised much ado about nothing. #Shoplifting not the big crime #trump purported accordi‚Ä¶ https://t.co/JzL0nKcx5S,0
JamiaStarheart,RT @joycelynn1017: @krassenstein AP has updated 184 dead...and no Trump won‚Äôt respond...he‚Äôs too busy playing golf and this story involves‚Ä¶,-1
Scoootters,@Trump @DonaldJTrumpJr Thank God for the real Patriots NFL players maybe with their help we can get the electricity‚Ä¶ https://t.co/Kkk7Gdw1G3,0
BradyKarstetter,@realDonaldTrump Trump train! üöÖ keep up the hard work!,1
ConnieStarr,Trump brags about 'invisible' fighter jets to Coast Guard https://t.co/AEkM8VvRjq,-1
joycelynn1017,@krassenstein AP has updated 184 dead...and no Trump won‚Äôt respond...he‚Äôs too busy playing golf and this story invo‚Ä¶ https://t.co/lYPz7hSUtX,-1
jhiattsteele,RT @joycelynn1017: https://t.co/Uv6JdSdqMA   Don‚Äôt worry Donald jr.  they are bringing it on!,1
joycelynn1017,https://t.co/Uv6JdSdqMA   Don‚Äôt worry Donald jr.  they are bringing it on!,1
joycelynn1017,@jptoner50 @GenFlynn @realDonaldTrump Did anyone really believe Trump would give money to people indicted on his wa‚Ä¶ https://t.co/S2xisD33zf,-1
GingerSue42,Yes he would have and so many people would still be alive. Trump just committed intentional murder. https://t.co/XFqASE38R3,-1
GingerSue42,What?  Thats under trump and congress's watch. That is horrible. https://t.co/OwpIHyTqhM,-1
spokanetom,There are far too many heartfelt words here for Trump but not for most Americans. A good read for  Thanksgiving. Li‚Ä¶ https://t.co/a4LIHMrNlM,-1
deepen915,RT @joycelynn1017: The FAILURE of the ACA is OWNED by you and the GOP Mr. Trump.  It wasn‚Äôt a disaster until YOU decided to w/h subsidies‚Ä¶,-1
DeezNetz,@sippinactcheers @peplamb The people who voted for @realDonaldTrump  are Christians. AS WELL AS EVERY OTHER CULTURE‚Ä¶ https://t.co/HKYTLAd5AY,0
joycelynn1017,The FAILURE of the ACA is OWNED by you and the GOP Mr. Trump.  It wasn‚Äôt a disaster until YOU decided to w/h subsi‚Ä¶ https://t.co/uTIm50xZAB,-1
wow_slim1968,@realDonaldTrump Sean my dream right now is to meet you and meet our president Donald Trump! In that order! Thank‚Ä¶ https://t.co/AB1Rw6FdRz,1
spokanetom,Draft Dodgers just can't imagine the pain. Johnson's widow accused Trump of making an insensitive condolence call.‚Ä¶ https://t.co/YKSW1D4JeX,-1
Jona7Caballero,RT @PrincessDama99: Happy thanksgiving everyone!Except Donald Trump fuck you.,-1
meganeickmeyer,Update: Trump got brought up more Jell-O shots to come,0
straitarrow10,@susmurphy @peterdaou All you have to do is see who the owner is Ruport Murdoch. Criminal in his own right. So it‚Ä¶ https://t.co/V6XKdnIXHU,0
Thomaskuttyja,Here is a reasonable explanation of tax cuts  https://t.co/q7CT6gn01T,0
bowfinger12000,#Twitter be thankful for everything no matter how much you think your life sucks if you were #trump @trump it would totally suck,-1
ChrissyUSA1,@Eminem What an idiot! He didn‚Äôt get a tweet so he‚Äôs whining - ha! That‚Äôs bc #Trump WILL NEVER GIVE YOU THE TIME OF‚Ä¶ https://t.co/JwUPG6G5ER,0
KMPHFOX26,Ivanka Trump is condemning recent tabloid coverage of President Barack Obama's eldest daughter Malia saying the co‚Ä¶ https://t.co/Pf1fqMzQa3,0
CenCalCaucasian,@CNNPolitics While working for the Podesta Group prior to the Trump campaign. @CNN forgot to mention that part.,0
byronhdiel,Keep 'em flippin' Bob! The Daily Beast: If Flynn Is Cooperating With Mueller Then Case Against Trump Gets Much Mo‚Ä¶ https://t.co/yAmVqrwG7g,0
tonytor791,Trump playing golf again.....Must b nice....,1
Wrileygirl1961,@JoeConchaTV In other words same sh** different day? It was Bushes fault for 8 years of Obama‚Äôs blame fest. Now t‚Ä¶ https://t.co/Yjy7W6HLbD,0
kathylasota2935,@funder TRUMP  has got to go to Prison! Or America will take to the streets!,-1
TXsBobby,if jarid and ivonka‚ù§Ô∏èdont want to help make Usa Maga again we got to lock them up Usa! Maga! https://t.co/8dlc9rxSJO via @BreitbartNews,0
brrider,Alwaleed Bin Talal Reportedly Hung Upside Down And Beaten By US Mercenaries https://t.co/YDgTM74GEf of very rich pp‚Ä¶ https://t.co/WfOfbVWhLV,0
asteven79,@IvankaTrump u mite wanna have a talk with your Husband your lil girl is look more like Daddy Trumphahahaha your sick u fuick your Dad,-1
Kendahas,Love Tiger but hard to respect when hanging out with Trump https://t.co/FkkBNm5xcZ,-1
johnestrada,Retweeted Breitbart News (@BreitbartNews):FACT CHECK: Pretty much. https://t.co/j2294BA7pU https://t.co/pSVQuRaOz3,0
MrKevinPiercy,‚ÄúReligious Freedom‚Äù Proponent Jeff Mateer Is the Most Dangerous of Trump‚Äôs Judicial Nominees https://t.co/dwgui8POZa,0
CorpsmanAdamD,Judge Nap: Mueller 'Putting the Squeeze' on Flynn Manafort to Get to Trump https://t.co/mbGdGu3TkE,0
chris_manlee,@Regrann from @jjacula&gt;&gt;&gt;Chris comment:  FYI @realdonaldtrump supporters: you and Trump are‚Ä¶ https://t.co/k3OsZawUBu,0
RealAmericanSol,@Element_hG @aristew_ @ColleenStockfl1 @BasedMonitored @Proud__Infidel You just playing off POST TRAMATIC TRUMP DISORDER,-1
RealAmericanSol,@bobinaz @BurkhillKathryn @QueenElisabeth @realDonaldTrump TRUMP USING HIS OWN $ LIKE ALWAYS....WHO WANT TO BET!?!!!??,1
kathylasota2935,@cares_matic @Geskalima @EdKrassen @IRdotnet @realDonaldTrump Your as stupid as Trump is!,-1
jxjarvix,It is a Republican administration. They cared a lot about 4 deaths in Benghazi because they wanted to blame Obama.‚Ä¶ https://t.co/6TdB4bANxV,1
jxjarvix,George Soros‚Äôs $18 Billion Tax Shelter writes @StephenMoore  https://t.co/rT7Gny3ZLs via @WSJOpinionFor all the‚Ä¶ https://t.co/vT6KrQDesH,0
KristyCrisp1,Get Your Trump Gear From My Yuge! store IT'S WONDERFUL Check this out! https://t.co/xDLBvzizmr,1
ms_mims,RT @JanzforCongress: Let's talk about the fact you just raised our taxes to pay for a tax break for your rich donors and buddy Trump. #GOPT‚Ä¶,0
aconcernedvote,@CREWcrew @GOP doesn‚Äôt have battle with the WH if they would just Impeach Trump an remove the child loser from offi‚Ä¶ https://t.co/b2uyK2IhEQ,-1
wmdou,A Split From Trump Indicates That Flynn Is Moving to Cooperate With Mueller - The New York Times https://t.co/gwXrmESygS,0
wmdou,Newsweek actually thinks this is headline news. https://t.co/IXMHUop6X7,0
LittleBabyCarot,@PrimeZack @Sarah_White_77 @Bjorning16 @Episcopalifem @airbagged @robert42vet @TomiLahren Trump hasnt said one bad‚Ä¶ https://t.co/l8UG4QY109,1
LittleBabyCarot,@PrimeZack @Sarah_White_77 @Bjorning16 @Episcopalifem @airbagged @robert42vet @TomiLahren And Trump thinks Putin is a great guy,-1
carmkemm,Trump gets angry warning: Investigate Hillary‚Ä¶ or else! #arrest #clinton #clintons https://t.co/pctKVL9Wy9 via @ReadTheHornNews,0
jxjarvix,Idiot Trump is history. Just wearing that hat does not give you super powers. It actually drops your IQ down int‚Ä¶ https://t.co/85YQYvlc7z,-1
DeWayneWallace7,@WatchChad See how much powere President Trump has?This person went and got a tattoo a permanent reminder...what a dumb-ass!,-1
PROUDESTMURICAN,@farhip Good Morning Sherlock Holmes!  Your theory of President Trump not authoring (and authorizing) tweets from‚Ä¶ https://t.co/V8XwV7eD3i,0
frederickacomb,Can you believe Trump‚Äôs disrespect for women the First Amendment and virtually every norm of Western democracy? https://t.co/yDAZRtwvFB,-1
TNNTrueNews,Must Watch! The Real Donald Trump - @realDonaldTrump @DeplorablesShow @ETTalkShow https://t.co/YewqzWlREl,0
hopelessbkwrm,If you're going to post a smug meme about Trump supporters maybe your perfect Trumper-free centrist/liberal family‚Ä¶ https://t.co/hzk4f08GGY,0
mimizhusband,@kkfla737 representative democracy is our election plan but we are a republic. in a republic the person sits abov‚Ä¶ https://t.co/uaqxUfOITV,0
KenFanboy5,Kenbear is one of the biggest trump supporting swimmers of this century,0
ConnorBelbin,Wait So the same people calling Bush a warmonger for going into the Middle East are roasting Trump for wanting to fix it?,1
PinskyZinsk,RT @AWomanInFresno: @PostRoz @drewharwell The only Trump I wish well is Barron. All the rest... I live for the moment their lives come cras‚Ä¶,-1
AmbroseGier,Bridging the Canyon Across the Holiday Table by TIMOTHY EGAN via NYT https://t.co/ATuO29VIaQ,0
TopFresnoNow,Fresno trends now: Thanksgiving Valley House Turkey Trump. https://t.co/Cb5p4tZQpd,0
imjoegood,I will never embrace Donald Trump  he isn‚Äôt my president.,-1
CanisLupus1365,RT @stpeteyontweety: In the Trump house it‚Äôs known as Thankstaking,-1
Lawrenced75,@TeaPainUSA Regardless of Flynn only a complete fool remians loyal to Trump no qualifier needed,-1
MAGAMO555,@realDonaldTrump Thank you POTUS Trump,1
saltyhotshawol,RT @stpeteyontweety: In the Trump house it‚Äôs known as Thankstaking,-1
CallidusDominus,RT @stpeteyontweety: Fuck Trump      /    ü¶É #HappyThanksgiving America,-1
CallidusDominus,RT @stpeteyontweety: In the Trump house it‚Äôs known as Thankstaking,-1
ybever11,Families That Trump Cheated Out of Money Come Forward on CNN - https://t.co/BGQg0HVmHc   How about this.....,-1
crazymrschanman,RT @stpeteyontweety: Fuck Trump      /    ü¶É #HappyThanksgiving America,-1
5711dawg,We #NeedtoImpeach @RealDonaldTrump. Join me and sign on to @TomSteyer‚Äôs petition demanding Congress impeach Trump. https://t.co/Kb8HOqW8ja,-1
Lawrenced75,@mcuban ISPs must be treated as a public utility a digital divide amplifies the wealth gap leaves rural communiti‚Ä¶ https://t.co/2XG8vQ3Qif,0
iiiioooo111,RT @stpeteyontweety: I‚Äôm  #ThankfulFor Trump........not being my President https://t.co/VScnMWuOj2,-1
stpeteyontweety,Fuck Trump      /    ü¶É #HappyThanksgiving America,-1
stpeteyontweety,In the Trump house it‚Äôs known as Thankstaking,-1
green4me1807,I liked a @YouTube video https://t.co/XOGPhzqBUD TROUBLE AT DIA AIRPORT--PRAY! TRUMP ISSUES &amp; MORE NEWS!,-1
billm9,RT @keneh_bosom: I liked a @YouTube video https://t.co/BJYuPjDcbN "IT'S ALL A FRAUD!!!" Bernie Sanders' BRILLIANT Takedown of Donald Trump‚Ä¶,0
keneh_bosom,I liked a @YouTube video https://t.co/BJYuPjDcbN "IT'S ALL A FRAUD!!!" Bernie Sanders' BRILLIANT Takedown of Donald Trump &amp; His,0
USAneeds,@LLESGMOMMA @thehill @_Hope2017 LOL...hmmm...funny how sying throwing up in your mouth makes u miss obama. He aint‚Ä¶ https://t.co/0WWhylvoMA,0
Ikelaru,RT @stpeteyontweety: Trump‚Äôs #Thanksgiving Plans...... https://t.co/QYDT5IWJAM,0
paul_lander,RT @stpeteyontweety: Trump‚Äôs #Thanksgiving Plans...... https://t.co/QYDT5IWJAM,0
stpeteyontweety,Trump‚Äôs #Thanksgiving Plans...... https://t.co/QYDT5IWJAM,0
TheCreecher1200,I liked a @YouTube video https://t.co/4PHaZYXTQC DONALD TRUMP HOSTAGE RESCUE,0
DizzyDee_K,.@RepJohnFaso This is not right. https://t.co/wTZl4EOX2g,0
HashtagJones1,RT @stpeteyontweety: I‚Äôm  #ThankfulFor Trump........not being my President https://t.co/VScnMWuOj2,-1
vivartist14,RT @stpeteyontweety: I‚Äôm  #ThankfulFor Trump........not being my President https://t.co/VScnMWuOj2,-1
JohnRobertFinch,Immigrant Aunt of Killed Border Agent Wants Trump's Wall Father Says Agent was Attacked https://t.co/FoN5nO8yvP,0
neopetara,RT @stpeteyontweety: I‚Äôm  #ThankfulFor Trump........not being my President https://t.co/VScnMWuOj2,-1
csabq,RT @stpeteyontweety: I‚Äôm  #ThankfulFor Trump........not being my President https://t.co/VScnMWuOj2,-1
SadlyCatless,RT @stpeteyontweety: I‚Äôm  #ThankfulFor Trump........not being my President https://t.co/VScnMWuOj2,-1
tonystark11268,RT @stpeteyontweety: I‚Äôm  #ThankfulFor Trump........not being my President https://t.co/VScnMWuOj2,-1
uptnhrlmb,RT @stpeteyontweety: I‚Äôm  #ThankfulFor Trump........not being my President https://t.co/VScnMWuOj2,-1
Pheramuse,RT @stpeteyontweety: I‚Äôm  #ThankfulFor Trump........not being my President https://t.co/VScnMWuOj2,-1
Skillzypro,RT @stpeteyontweety: I‚Äôm  #ThankfulFor Trump........not being my President https://t.co/VScnMWuOj2,-1
BettyWHmag,RT @stpeteyontweety: I‚Äôm  #ThankfulFor Trump........not being my President https://t.co/VScnMWuOj2,-1
HuffPostComedy,RT @stpeteyontweety: I‚Äôm  #ThankfulFor Trump........not being my President https://t.co/VScnMWuOj2,-1
charley_ck14,RT @stpeteyontweety: I‚Äôm  #ThankfulFor Trump........not being my President https://t.co/VScnMWuOj2,-1
StopEatingBees,RT @stpeteyontweety: I‚Äôm  #ThankfulFor Trump........not being my President https://t.co/VScnMWuOj2,-1
viewfrommyoffic,RT @stpeteyontweety: I‚Äôm  #ThankfulFor Trump........not being my President https://t.co/VScnMWuOj2,-1
stpeteyontweety,I‚Äôm  #ThankfulFor Trump........not being my President https://t.co/VScnMWuOj2,-1
keneh_bosom,Donald Trump Made Millions By Laundering Drug Money ¬∑ High Times https://t.co/bD5V5enPLf,-1
MuthafukinSlimG,@RealDonad_Trump @foxandfriends @Varneyco Man I like your post but jesus you need to fix your grammer. I mean you‚Ä¶ https://t.co/chFjgLrjXs,0
redbird1959,@realDonaldTrump @foxandfriends @Varneyco Ah shit now he‚Äôs talking about himself in third person. That President T‚Ä¶ https://t.co/CrCOCewS77,-1
HilaryVervers,RT @stpeteyontweety: Trump's going golfing.Well played police outriders......well played indeed. https://t.co/N2BGFCLZYJ,-1
FrankSm93865548,@realDonaldTrump I did vote for Trump and glad I did!No he isn‚Äôt perfect! However there was only one perfect!Our‚Ä¶ https://t.co/azAfbQnrgQ,1
AllMtnKeith,Inside Trump‚Äôs Cruel Campaign Against the U.S.D.A.‚Äôs Scientists https://t.co/EwkLGUxtS8,-1
st0rmy1,@MariaTCardona Trump needs to resign along with him!!,-1
Cupcakexx25,RT @stpeteyontweety: Trump's going golfing.Well played police outriders......well played indeed. https://t.co/N2BGFCLZYJ,-1
autistnautilus,RT @stpeteyontweety: Trump's going golfing.Well played police outriders......well played indeed. https://t.co/N2BGFCLZYJ,-1
toogood61,LaVar Ball Does Not Credit Trump for Son's Release After China Arrest https://t.co/NJVFUKAFTI via @BreitbartNews‚Ä¶ https://t.co/UCBKe0Fq8E,0
garvangrant,RT @stpeteyontweety: The Trump Tactic of:‚ÄúI‚Äôm going to do something terrible.No I‚Äôve changed my mind.Praise me!‚Äù https://t.co/7v0v0rpD4j,-1
MarilynFrenche,RT @stpeteyontweety: The Trump Tactic of:‚ÄúI‚Äôm going to do something terrible.No I‚Äôve changed my mind.Praise me!‚Äù https://t.co/7v0v0rpD4j,-1
pjstar,Trump wants to end welfare as Bill Clinton knows it https://t.co/emKlZceZUY,-1
Shelley_Fritz,RT @ralphddavis: If the shoe fits the President...: Trump tweet on Thanksgiving menacingly singles out reporter for calling him racist:‚Ä¶,-1
cathyboothfob,RT @JimInOttawa1235: If President Trump ordered U.S. Marines to invade and liberate the sex slaves on Jeffrey Epstein's "Pedophile Island"‚Ä¶,0
Visitor_11,RT @SaintAngrier: Remember when Trump wouldn‚Äôt shake Merkel‚Äôs hand? Remember when Obama wire tapped Merkel? Can we all stop pretending the‚Ä¶,0
embryo101,Confirmed: Donald Trump did nothing to get LaVar Ball‚Äôs son released from China https://t.co/M7KEpjRxsz via @PalmerReport,1
Clutch_Mat,@ATeamIncorp @realDonaldTrump @SpeakerRyan @SenateMajLdr There we go. You assume I supported Obama was a rational c‚Ä¶ https://t.co/pbjqAEEna2,0
_AyeTeezy,Holidays just ain't felt the same since trump got in office ü§∑üèæ‚Äç‚ôÇÔ∏èüíØ,-1
Brohanu,Titles of dreams i had:-AlbertCamus.ppt-Trump Takes Luther-The Murder Store-Baha'i Minecraft-Jesus Christ Hedgehog-Phone Sex for Cops,-1
abNormalZac,@FoxNews So literally all @FoxNews news does all day every day with the exception of @ShepNewsTeam is propagate a T‚Ä¶ https://t.co/wuv18QlWAE,0
apompa04,@theblaze Why should Trump reply to a low life Has-been?,1
td21241,RT @JimInOttawa1235: If President Trump ordered U.S. Marines to invade and liberate the sex slaves on Jeffrey Epstein's "Pedophile Island"‚Ä¶,0
apompa04,@realDonaldTrump Keep up the great work President Trump!! You are MAGA!!! Glad you are the POTUS!! üëçüëçüëç,1
ca58native,RT @JimInOttawa1235: If President Trump ordered U.S. Marines to invade and liberate the sex slaves on Jeffrey Epstein's "Pedophile Island"‚Ä¶,0
stephsanola,RT @JodeneRdc: Why is Trump president again? https://t.co/EMo7qQpkBJ,-1
DeplorableBIL,RT @JimInOttawa1235: If President Trump ordered U.S. Marines to invade and liberate the sex slaves on Jeffrey Epstein's "Pedophile Island"‚Ä¶,0
SmalltownAndrew,@Oakahnesky @OpieRadio Well you insulted peoples intelligence by implying that trump is lazy how i took it. Fair po‚Ä¶ https://t.co/kCk8Tyz2Mf,-1
SmalltownAndrew,@Oakahnesky @OpieRadio People are accusing trump of being lazy for playing golf while he has sacrificed money tim‚Ä¶ https://t.co/9zpDrcVech,1
AsISeeIt14,RT @JimInOttawa1235: If President Trump ordered U.S. Marines to invade and liberate the sex slaves on Jeffrey Epstein's "Pedophile Island"‚Ä¶,0
JoeBaggy71,RT @JimInOttawa1235: If President Trump ordered U.S. Marines to invade and liberate the sex slaves on Jeffrey Epstein's "Pedophile Island"‚Ä¶,0
JodeneRdc,Why is Trump president again? https://t.co/EMo7qQpkBJ,-1
JodeneRdc,Trump‚Äôs ‚ÄúIt‚Äôs all about me‚Äù rhetoric is not what US troops want to hear. https://t.co/iXR5FXX5Pi,-1
SmalltownAndrew,@OpieRadio Msm would prefer trump be playing basketball. That would make it just fine,-1
Myinfo941454043,RT @JimInOttawa1235: If President Trump ordered U.S. Marines to invade and liberate the sex slaves on Jeffrey Epstein's "Pedophile Island"‚Ä¶,0
JaneGal00036592,RT @JimInOttawa1235: If President Trump ordered U.S. Marines to invade and liberate the sex slaves on Jeffrey Epstein's "Pedophile Island"‚Ä¶,0
JodeneRdc,@DMA_QTR @markfromhalsey Trump is a president of lawlessness racism and corruption. God had left the building.,-1
JimInOttawa1235,If President Trump ordered U.S. Marines to invade and liberate the sex slaves on Jeffrey Epstein's "Pedophile Islan‚Ä¶ https://t.co/e3fhc92Gve,0
JodeneRdc,@GARaineTrueBlue When Trump‚Äôs at his personal properties there‚Äôs no accountability for what‚Äôs going on there. That‚Ä¶ https://t.co/gO2TFFrAwG,0
spunkkee,RT @JodeneRdc: Things are moving towards Mueller and away from Trump. Hopefully at some point Trump will be the Big Orange Cheese who sta‚Ä¶,-1
Merri__Magic,RT @JodeneRdc: Things are moving towards Mueller and away from Trump. Hopefully at some point Trump will be the Big Orange Cheese who sta‚Ä¶,-1
ralphddavis,If the shoe fits the President...: Trump tweet on Thanksgiving menacingly singles out reporter for calling him r‚Ä¶ https://t.co/RUpZjVX9Ks,-1
JodeneRdc,Things are moving towards Mueller and away from Trump. Hopefully at some point Trump will be the Big Orange Chees‚Ä¶ https://t.co/8aE7dom0vQ,-1
lsfarmer311,RT @JodeneRdc: Let‚Äôs play the 2017 Trump #TaxReform Game brought to you by Paul Ryan &amp; Sens: ‚ÄúTruth and Consequences.‚Äù https://t.co/KcHr2ox‚Ä¶,0
JodeneRdc,Let‚Äôs play the 2017 Trump #TaxReform Game brought to you by Paul Ryan &amp; Sens: ‚ÄúTruth and Consequences.‚Äù‚Ä¶ https://t.co/bhUQXEeGb6,0
Nexus7900,RT @EndFootball: Tampa Bay Receiver Mike Evans Protests National Anthem Because of Trump Victory https://t.co/1QiKIDx325,-1
LibbyOates,RT @JodeneRdc: Will someone please explain this to me? What is the Schiller Institute? Who are the LaRouches and what is  their world philo‚Ä¶,0
EndFootball,Tampa Bay Receiver Mike Evans Protests National Anthem Because of Trump Victory https://t.co/1QiKIDx325,-1
photodave2014,RT @photodave2014: @GOP TRUMP SESSIONS RYAN PENCE ......BYE BYE  ALL OF YOU SHOULD BE HANGED https://t.co/1scJhuoFo8,1
photodave2014,@GOP TRUMP SESSIONS RYAN PENCE ......BYE BYE  ALL OF YOU SHOULD BE HANGED https://t.co/1scJhuoFo8,1
WagonChef,RT @1470WMBD: AP Source: Flynn Breaks With Trump Team On Mueller Probehttps://t.co/Gn2AQyrIIO,0
1470WMBD,AP Source: Flynn Breaks With Trump Team On Mueller Probehttps://t.co/Gn2AQyrIIO,0
Bettie24816,How Trump charms wealthy donors in private ‚Äî by seeking their advice,0
WakeUpandRiseUp,@skeller85 @kingfish7418 @CrothRoth17 Tell me who ‚Äúthese people‚Äù are?  I did not vote for nor do I support Trump.‚Ä¶ https://t.co/eHS4lMj8Nb,-1
WakeUpandRiseUp,@skeller85 @kingfish7418 @CrothRoth17 And very few conservatives support Trump.  Many that voted for him don‚Äôt supp‚Ä¶ https://t.co/l3aWvkT6e7,-1
photodave2014,RT @photodave2014: I wouldn't be surprised if trump is paying these women to speak out against al franken just to get his senate seat none‚Ä¶,-1
photodave2014,I wouldn't be surprised if trump is paying these women to speak out against al franken just to get his senate seat‚Ä¶ https://t.co/xeG21iIWzV,-1
benenstein,Obama played golf 333 times during his 8 years as president. Trump has already played gold 75 times in under a year‚Ä¶ https://t.co/tPjQwicf0t,-1
SomeUSPerson,@altNOAA I predict that the Trump Organization will ultimately distance itself from Trump. #TeamMueller #MuellerIsComing,-1
Sheckkd,@SethAbramson So @nytimes but by their own misguided reporting is actually towing Trump admin line therefore givi‚Ä¶ https://t.co/wCv6pXX5BA,0
Scottra22681199,@MuradieuJ @YFB760 @DiamondandSilk @POTUS @realDonaldTrump It is You my friend eating a chicken leg.okra.and a bott‚Ä¶ https://t.co/paBHIYtzIe,-1
hauterodjohnson,@SethAbramson Not sure why journos included it but to me it says to Manafort that pardon might be uncertain if Tru‚Ä¶ https://t.co/JP7JMjgiec,0
MelodiaCristina,RT @Jacopo_della_Q: I can already see Trump wishing his supporters an all-White Christmas. https://t.co/2CL6CmBRQX,1
philthatremains,This isn‚Äôt about Trump so much as it is Rs v Ds. And it sounds like a good thing to me. https://t.co/hxIfsK3f6H,0
hollye_h,RT @Jacopo_della_Q: I can already see Trump wishing his supporters an all-White Christmas. https://t.co/2CL6CmBRQX,1
willwphoto,The State Department isn't planning to send a high-level delegation with Ivanka Trump during her trip to India next‚Ä¶ https://t.co/NpwOzGtByL,0
The_Friebster,@tim_tim573 It‚Äôs what he enjoys. And I doubt trump has spent as much as Obama did to go to Hawaii. Don‚Äôt. Wanna. Hear. It. #HesYourPresident,1
LadySitheen,RT @Jacopo_della_Q: I can already see Trump wishing his supporters an all-White Christmas. https://t.co/2CL6CmBRQX,1
nicholaslue,@NPR Wonderful metaphor for the Trump administration thus far,1
Lynda555E,Law And Order: SVU is doing a Weinstein episode still hasn't aired its Trump episode https://t.co/NPhEgFTzxW via @theavclub,0
nonnie_to_5,RT @KBrocking: Joy Villa was probably paid by Soros to con Trump supporters. She's up to something and it isn't good. https://t.co/JpUvpOdL‚Ä¶,0
Sinclair1182,RT @Jacopo_della_Q: I can already see Trump wishing his supporters an all-White Christmas. https://t.co/2CL6CmBRQX,1
Bob_Stannard,@BurkhillKathryn @QueenElisabeth @realDonaldTrump Trump has done nothing more than play golf. He‚Äôs not passed one s‚Ä¶ https://t.co/sMnvTVyubV,-1
Jacopo_della_Q,I can already see Trump wishing his supporters an all-White Christmas. https://t.co/2CL6CmBRQX,1
mikeclauss,Trump (and conservatives) after mass shooting in America:Thoughts and prayers no politics no possible solutions‚Ä¶ https://t.co/weJ44tnPQ5,-1
MattLavallee16,it must be incredible to have a real leadertrump just tries to blast Lavar Ball via twitter n complains about foo‚Ä¶ https://t.co/NlhjSFyFYZ,-1
willwphoto,The 13 most bizarre lines in President Trump's Thanksgiving speech | Analysis by CillizzaCNN https://t.co/CBEvfLtJNz https://t.co/Sa0FN3UV73,-1
Scott_Domine,Trump is meeting the president of Egypt &amp; tweets his condolences to them after a terror attack and people still find something wrong with it,1
willwphoto,President Trump spent part of his Friday in Florida golfing with Tiger Woods and Dustin Johnson who is currently t‚Ä¶ https://t.co/VGUwtWap6q,0
ChrisPrice1101,Sharing more fake newsüòÇ Boy do they wish this was fake.https://t.co/YBFov7MY6d,0
Trojan_Borscht,Better headline: Trump supporters are super racist can't tell one black person from another https://t.co/6GOqCI2o0w,0
JimWeeder,NYC Times Square lights up with Trump‚Äôs face and a message to the world: IMPEACH https://t.co/5UuNG7bMiT,0
northassoc,As the talks drag on U.S. President Donald Trump's threats to withdraw from NAFTA become more and more realistic |‚Ä¶ https://t.co/qgixpLMa5J,0
nInvncbleSummer,@realDonaldTrump Egypt isn't in your idiotic travel ban. Nor is Saudi Arabia despite the fact that the majority of‚Ä¶ https://t.co/kdjX9kL6xn,-1
SpartanLineage,@perlmutations I am an #Oathkeeper &amp; would bleed to keep the stripes red. I am happy to serve my country &amp; take ord‚Ä¶ https://t.co/7GZh1nCNZm,1
willwphoto,Michael Flynn's lawyers have told other defense lawyers in the ongoing Russia probe including President Trump's le‚Ä¶ https://t.co/uD6A9xRNkk,0
tpotts719,https://t.co/A1hL0MNNcUPresident Donald Trump said Monday that the agents had been "brutally attacked." When asked‚Ä¶ https://t.co/0I3ANVwi6f,0
davewgcook,@bilbalbag @freespirited_p @theresa_may @RoyalFamily The problem with elections is that whoever is elected would be‚Ä¶ https://t.co/wjDf18Yu0A,0
thewisefoolHHH,@samesmail As a fellow Egyptian-American filmmaker who also despises Trump these are my sentiments exactly. You go Sam!,-1
billscher,@Doug24Seven @lisskron @politico @POLITICOMag @nikkihaley I included Tulsi in a 2020 piece I did a few months ago‚Ä¶ https://t.co/Mdhsp0mdmM,0
MA160,RT @RuralVotes: Wave of bad reviews for corporate tax bills in Congress exposes major flaws in GOP plan  https://t.co/bjfQPWyBxL #RuralEcon‚Ä¶,0
mjgon64,Here's your leftover turkey: @MathewRozsa:The candidate we need in 2020 is Hillary Clinton.Rozsa is smoking crack‚Ä¶ https://t.co/LNeJNV4ybv,0
RuthSorbello,RT @about_scout: @JuliaDavisNews Trump:- Defends Putin and attacks America in interviews - Gives Russia confidential Intel that risks the‚Ä¶,0
leahemoss09,RT @RuralVotes: Wave of bad reviews for corporate tax bills in Congress exposes major flaws in GOP plan  https://t.co/bjfQPWyBxL #RuralEcon‚Ä¶,0
Mo_An2016,RT @KBrocking: Joy Villa was probably paid by Soros to con Trump supporters. She's up to something and it isn't good. https://t.co/JpUvpOdL‚Ä¶,0
TC_Doeeee,RT @_buckets_5: You buggin Our president is Donald trump ü§¶üèæ‚Äç‚ôÇÔ∏è https://t.co/rgoEH95mP1,1
sharen_eappi,Sickening: Trump‚Äôs allowing hunters to murder elephants and import their heads as gory trophies. Let's stop him! https://t.co/vSswknK1s5,-1
cmburbank,@kylegriffin1 Heartbreaking. Welcome to Trump‚Äôs America.,1
dostert_michele,RT @RuralVotes: Wave of bad reviews for corporate tax bills in Congress exposes major flaws in GOP plan  https://t.co/bjfQPWyBxL #RuralEcon‚Ä¶,0
billscher,@Doug24Seven @lisskron @politico @POLITICOMag @nikkihaley If there was any evidence that disgust with Trump's misog‚Ä¶ https://t.co/ZnrEmJh9hh,0
ChrisKosowski1,@KeithOlbermann @realDonaldTrump Well now we know that Tiger Woods is a fucking sellout! How he can even think of p‚Ä¶ https://t.co/zTFfhnj0xO,0
KarenCotter15,RT @znvalentine: @realDonaldTrump @Rightwingmadman President Trump's credibility and support has been skyrocketing. Every lie and liberal c‚Ä¶,1
ChrisKosowski1,@ColMorrisDavis @realDonaldTrump @Morning_Joe Nobody disrespects our flag more than Trump and the GOP! The attacks‚Ä¶ https://t.co/Z5ReQChE8Q,-1
waltkirspel,RT @RuralVotes: Wave of bad reviews for corporate tax bills in Congress exposes major flaws in GOP plan  https://t.co/bjfQPWyBxL #RuralEcon‚Ä¶,0
rblanchard0594,They're going up because Trump slashed funding and gutted the program through executive actions. Now he's implying‚Ä¶ https://t.co/kswbB05Jsp,-1
dD94865242,RT @RuralVotes: Wave of bad reviews for corporate tax bills in Congress exposes major flaws in GOP plan  https://t.co/bjfQPWyBxL #RuralEcon‚Ä¶,0
airlift1300,RT @RuralVotes: Wave of bad reviews for corporate tax bills in Congress exposes major flaws in GOP plan  https://t.co/bjfQPWyBxL #RuralEcon‚Ä¶,0
UKmmfiji,RT @RuralVotes: Wave of bad reviews for corporate tax bills in Congress exposes major flaws in GOP plan  https://t.co/bjfQPWyBxL #RuralEcon‚Ä¶,0
KimGonzalezAlb1,RT @RuralVotes: Wave of bad reviews for corporate tax bills in Congress exposes major flaws in GOP plan  https://t.co/bjfQPWyBxL #RuralEcon‚Ä¶,0
Whos_Luis_,If Trump‚Äôs FCC Repeals Net Neutrality Elites Will Rule the Internet‚Äîand the Future https://t.co/rZpen4Zsmr,0
_buckets_5,You buggin Our president is Donald trump ü§¶üèæ‚Äç‚ôÇÔ∏è https://t.co/rgoEH95mP1,1
bazmaniandevil,RT @RuralVotes: Wave of bad reviews for corporate tax bills in Congress exposes major flaws in GOP plan  https://t.co/bjfQPWyBxL #RuralEcon‚Ä¶,0
DuncanBirss,RT @TonyHeck78: @JacobAWohl @realDonaldTrump I'm guessing you missed the speech where trump said to vote for the pedophile?  Or was that fa‚Ä¶,0
_thot_sam,RT @TonyHeck78: @JacobAWohl @realDonaldTrump I'm guessing you missed the speech where trump said to vote for the pedophile?  Or was that fa‚Ä¶,0
SailorDemocracy,RT @TonyHeck78: @JacobAWohl @realDonaldTrump I'm guessing you missed the speech where trump said to vote for the pedophile?  Or was that fa‚Ä¶,0
Janettesecond,RT @TonyHeck78: @JacobAWohl @realDonaldTrump I'm guessing you missed the speech where trump said to vote for the pedophile?  Or was that fa‚Ä¶,0
after5notbefore,RT @TonyHeck78: @JacobAWohl @realDonaldTrump I'm guessing you missed the speech where trump said to vote for the pedophile?  Or was that fa‚Ä¶,0
Jokertess1,RT @TonyHeck78: @JacobAWohl @realDonaldTrump I'm guessing you missed the speech where trump said to vote for the pedophile?  Or was that fa‚Ä¶,0
Sb51Antinomy,RT @TonyHeck78: @JacobAWohl @realDonaldTrump I'm guessing you missed the speech where trump said to vote for the pedophile?  Or was that fa‚Ä¶,0
charmin75081,RT @TonyHeck78: @JacobAWohl @realDonaldTrump I'm guessing you missed the speech where trump said to vote for the pedophile?  Or was that fa‚Ä¶,0
yourfriend25,RT @TonyHeck78: @JacobAWohl @realDonaldTrump I'm guessing you missed the speech where trump said to vote for the pedophile?  Or was that fa‚Ä¶,0
HarperiteBGone,RT @TonyHeck78: @JacobAWohl @realDonaldTrump I'm guessing you missed the speech where trump said to vote for the pedophile?  Or was that fa‚Ä¶,0
RickiAdoroIV,RT @TonyHeck78: @JacobAWohl @realDonaldTrump I'm guessing you missed the speech where trump said to vote for the pedophile?  Or was that fa‚Ä¶,0
michellesawyer6,RT @TonyHeck78: @JacobAWohl @realDonaldTrump I'm guessing you missed the speech where trump said to vote for the pedophile?  Or was that fa‚Ä¶,0
dtmustgo1,RT @TonyHeck78: @JacobAWohl @realDonaldTrump I'm guessing you missed the speech where trump said to vote for the pedophile?  Or was that fa‚Ä¶,0
LenaLubrano,RT @TonyHeck78: @JacobAWohl @realDonaldTrump I'm guessing you missed the speech where trump said to vote for the pedophile?  Or was that fa‚Ä¶,0
TonyHeck78,@kevinoneill2015 @apokerplayer @AlexKnows__Best @JacobAWohl @realDonaldTrump To be fair....a trump fact usually is‚Ä¶ https://t.co/ZX7BrB4fL6,0
TonyHeck78,@Bweiser87 @AlexKnows__Best @JacobAWohl @realDonaldTrump @GOP He's fallen for trump logic. Make crazy claims in a m‚Ä¶ https://t.co/F31LLGEpkl,-1
TonyHeck78,@AlexKnows__Best @liberallabrador @thesslazarus @JacobAWohl @realDonaldTrump According to your vote for trump it is,0
TonyHeck78,@AlexKnows__Best @Thriving_Thread @JacobAWohl @realDonaldTrump That's how we all feel about trump.,0
TonyHeck78,@docoyle59 @JacobAWohl @realDonaldTrump I'm fascinated by trump supporters obsession with the Clintons. I'm not def‚Ä¶ https://t.co/ndjFfzwFTd,0
TonyHeck78,@AlexKnows__Best @MartinTKinard1 @JacobAWohl @realDonaldTrump Ha ha ha. I see the brainwashing worked. Trump said a‚Ä¶ https://t.co/mk6fkw0sn0,0
grandpooba5440,RT @TonyHeck78: @JacobAWohl @realDonaldTrump I'm guessing you missed the speech where trump said to vote for the pedophile?  Or was that fa‚Ä¶,0
Jennife22953072,RT @TonyHeck78: @JacobAWohl @realDonaldTrump I'm guessing you missed the speech where trump said to vote for the pedophile?  Or was that fa‚Ä¶,0
TonyHeck78,@AlexKnows__Best @nicktiedo_251 @JacobAWohl @realDonaldTrump There's a difference between being PC and joking about‚Ä¶ https://t.co/14LF1XvxNn,-1
victory1261,RT @TonyHeck78: @JacobAWohl @realDonaldTrump I'm guessing you missed the speech where trump said to vote for the pedophile?  Or was that fa‚Ä¶,0
TonyHeck78,@carlociriello @genenevada @AlexKnows__Best @JacobAWohl @realDonaldTrump I can see too much trump defense has had a‚Ä¶ https://t.co/vTgTAi9FWy,0
TonyHeck78,@Deplorable_Covf @JacobAWohl @realDonaldTrump Ah yes...this is proof but audio isn't because you can't "see" trump‚Ä¶ https://t.co/mTc3veZDVM,0
terrib1233,RT @TonyHeck78: @carlociriello @AlexKnows__Best @JacobAWohl @realDonaldTrump It's cool. If you say what Moore did is wrong then you have to‚Ä¶,0
terrib1233,RT @TonyHeck78: @JacobAWohl @realDonaldTrump I'm guessing you missed the speech where trump said to vote for the pedophile?  Or was that fa‚Ä¶,0
Vickie82056233,RT @TonyHeck78: @JacobAWohl @realDonaldTrump I'm guessing you missed the speech where trump said to vote for the pedophile?  Or was that fa‚Ä¶,0
TonyHeck78,@Thomorerancher1 @JacobAWohl @realDonaldTrump People are in prison for pedophilia and rape and sexual assault too..‚Ä¶ https://t.co/UdMaCGaVWC,0
DanielJamesMax2,RT @TonyHeck78: @JacobAWohl @realDonaldTrump I'm guessing you missed the speech where trump said to vote for the pedophile?  Or was that fa‚Ä¶,0
TonyHeck78,@IzzyMe2 @AlexKnows__Best @Recordman57 @JacobAWohl @realDonaldTrump @FoxNews It's all the have. They can't defend t‚Ä¶ https://t.co/hU3aKiSDRW,0
GivenGrace1986,RT @TonyHeck78: @JacobAWohl @realDonaldTrump I'm guessing you missed the speech where trump said to vote for the pedophile?  Or was that fa‚Ä¶,0
TonyHeck78,@AlexKnows__Best @MartinTKinard1 @JacobAWohl @realDonaldTrump Why did you vote trump over Clinton then...,1
RobertInSC,RT @TonyHeck78: @JacobAWohl @realDonaldTrump I'm guessing you missed the speech where trump said to vote for the pedophile?  Or was that fa‚Ä¶,0
subverzo,RT @TonyHeck78: @JacobAWohl @realDonaldTrump I'm guessing you missed the speech where trump said to vote for the pedophile?  Or was that fa‚Ä¶,0
TonyHeck78,@ddaniels52 @JacobAWohl @realDonaldTrump Ha ha ha. I say it means you have no defense for trump and Moore so you tr‚Ä¶ https://t.co/oFblWZ3CbW,0
johannamillard,RT @TonyHeck78: @carlociriello @AlexKnows__Best @JacobAWohl @realDonaldTrump It's cool. If you say what Moore did is wrong then you have to‚Ä¶,0
TonyHeck78,@AlexKnows__Best @beachygirl23 @JacobAWohl @realDonaldTrump So photo evidence is damning....I'm guessing you were o‚Ä¶ https://t.co/WxDk9o1hSj,0
TonyHeck78,@carlociriello @AlexKnows__Best @JacobAWohl @realDonaldTrump It's cool. If you say what Moore did is wrong then you‚Ä¶ https://t.co/X9Srymw10b,0
RevAdamBowling,RT @TonyHeck78: @JacobAWohl @realDonaldTrump I'm guessing you missed the speech where trump said to vote for the pedophile?  Or was that fa‚Ä¶,0
ZkotosKoritsi,RT @TonyHeck78: @JacobAWohl @realDonaldTrump I'm guessing you missed the speech where trump said to vote for the pedophile?  Or was that fa‚Ä¶,0
TonyHeck78,@JacobAWohl @realDonaldTrump I'm guessing you missed the speech where trump said to vote for the pedophile?  Or was‚Ä¶ https://t.co/Jw4Oq0vccQ,0
dpogreba,Ryan Zinke Just Might Be the Trump Cabinet‚Äôs Most Deplorable Member https://t.co/fuEseijrdA #mtpol,0
reeskay10,@trailsandales White Russians told Donald trump they didn't intervene in the election and he definitely believes them,0
DanGriffing,@Melisa72170834 @realDonaldTrump Dictators around the world have his number because Trump wets himself with pleasur‚Ä¶ https://t.co/eUmisvtP62,-1
DanGriffing,Its not surprising that Trump is now ignoring Roy Moore‚Äôs sexual abuse of teenage girls and continuing to support h‚Ä¶ https://t.co/YVw8BmAnz7,-1
carrie3883,@RaeVasho @billsparks4022 @Lock_n_Load5x5 @bakerbobhudson @INeededTheMoney @Jim1Haigh @kyungkarenmend1‚Ä¶ https://t.co/B1nbaJC8KQ,0
DarrenMuci,Smart move @Secy_State_US senior team planning to skip Ivanka Trump's India triphttps://t.co/AZEL4yWvfi,0
DarrenMuci,NBA coach slams Trump for NFL attackshttps://t.co/EwoqDYSAKa,-1
DarrenMuci,The 13 bizarre lines in @realDonaldTrump Thanksgiving speechhttps://t.co/yoymFOQJSl,-1
branch77,Trump wants to end welfare as Bill Clinton knows it   https://t.co/mAdVuA67We,0
Bongsong2,@mike_Zollo maga. vote trump. drain the swamp.,1
cindycapo,RT @winstonmeiii: Two recent polls conducted by BLM gave Pres. Trump's job performance rating at 67% &amp; 89% (screens in reply). Since BLM is‚Ä¶,0
MsTeeeza10,Exclusive: What Trump Really Told Kislyak After Comey Was Canned @realDonaldTrump You‚Äôre a traitor and a menace,0
ozbanks1,Apparently we all look alike!  Trump supporters confuse LeVar Burton with LaVar Ball online https://t.co/EdF9ZBzeKj,0
RaeVasho,RT @carrie3883: @RaeVasho @billsparks4022 @Lock_n_Load5x5 @bakerbobhudson @INeededTheMoney @Jim1Haigh @kyungkarenmend1 @realDonaldTrump Mos‚Ä¶,0
brinkman81,If you are shocked you are an idiot. Trump loves a dictator. https://t.co/cd4dGfZSAO,-1
CrochetJanet,@butterflaura @realDonaldTrump @DuckyTetzloff What an idiotic tweet. I guess you are for people being sexually assaulted by Trump.,-1
AMaiselKAKE,I stand corrected. Mr Trump took sandwiches to the Coast Guard in Florida. https://t.co/i0vXtWnbp0,-1
carrie3883,@RaeVasho @billsparks4022 @Lock_n_Load5x5 @bakerbobhudson @INeededTheMoney @Jim1Haigh @kyungkarenmend1‚Ä¶ https://t.co/51yFAA3sHn,0
stegasourgus,Apparently my email has been hacked and I‚Äôve started a petition to impeach Donald Trump.   This guy is the worlds w‚Ä¶ https://t.co/i27280f9nN,-1
MikeAndy128,Mueller set a legal trap to prevent Trump from pardoning Flynn: ex-prosecutor | Raw Story https://t.co/hcj8mbwsKn via rawstory        BOOM!!,0
LabdogWillie,@VicenteFoxQue @realDonaldTrump He is focusing on aiding an American person... him! To Trump we're just the marks in his con. Not Americans.,1
branch77,Mike Huckabee Just Won the Day with His Joke About the Turkey Trump Pardoned https://t.co/qEkyy36SCh,0
reeser_leonard,Trump's biggest win yet comes thanks to Congress‚ÄîCommentaryTo people who say they vote for the person not the pa‚Ä¶ https://t.co/bSIwk9hVbf,1
SuperEB,Top story: Donald J. Trump on Twitter: "Horrible and cowardly terrorist attack ‚Ä¶ https://t.co/nREY3wTYrg see more https://t.co/cw7yg8SOQA,0
josef_voth,a reminder that the biggest victims of terror attacks are Muslims. For that reason they become refugees. how Ame‚Ä¶ https://t.co/fbRaf79SZP,0
TheKrisBrown,@RyanAFournier Hypocritical to say this when the leftist loons are constantly attacking the Trump children.,0
BobEverettRep,Trump signals welfare reform is next with details to come https://t.co/gOTOoFJwZb,0
KSNNews,Trump wants to end welfare as Bill Clinton knows it https://t.co/IUFI3ke4ip,-1
KSNNews,Trump Turkish leader discuss Syrian crisis in phone call https://t.co/a9ELnxGpdO,0
president_our,@HCiavotto @wwweirdnews @BreitbartNews Sounds like you popped right out of the #CNN Cafeteria. Broaden your News So‚Ä¶ https://t.co/0Ubss0LmJH,0
GorillaPFilms,Liberals now attacking Barron Trump because a 10 year old and a 19 year old adult are comparable. https://t.co/vCggbkKwwx,0
HappyAiredales,@cooluser51 @thehill Dream on extremist loser. Hope u are enjoying Trump. Tell ur candidate if he wants to run for‚Ä¶ https://t.co/1lqRqyLw7f,1
dghatfield1,What do you call a person who believes the Earth is flat Science isn‚Äôt real and is completely crazy Dot dot dot‚Ä¶ https://t.co/PVf09KUS9W,0
Tamleexo,@realDonaldTrump By getting rid of trump üí™ https://t.co/rC0Y1J26XO,-1
WolfMaster4141,RT @winstonmeiii: Two recent polls conducted by BLM gave Pres. Trump's job performance rating at 67% &amp; 89% (screens in reply). Since BLM is‚Ä¶,0
NextNate,On @GeeksandBeats I analyze @realDonaldTrump distress and show how to motivate him positively.‚Ä¶ https://t.co/Ayhqc4x3An,1
Harokells,Trump Has a 'Black Belt In Sexual Impropriety' Actor Billy Baldwin Tells President's Son https://t.co/LzT8sHYEFj via @yahoo,-1
Harokells,How valuable has LaVar Ball's feud with Donald Trump been for the Big Baller Brand? https://t.co/IXme91KLMO,0
IQDerriere,RT @winstonmeiii: I'm much more bothered by what Crooked Hillary has done to my country than by what Trump's tweeted to his followers.RT i‚Ä¶,1
VeraHelen8,RT @winstonmeiii: I'm much more bothered by what Crooked Hillary has done to my country than by what Trump's tweeted to his followers.RT i‚Ä¶,1
pgmckim,RT @cynthiamann2: @RWPUSA Even the talking heads were the same. Like Laura Ingram Anne Coulter and Kellyanne Conway have made a lot of‚Ä¶,0
mullymt,@BDrabkowski @ShafPatel @realDonaldTrump Our national anthem is nowhere near as important as the freedoms it repres‚Ä¶ https://t.co/tbyBQch4HI,0
VeraHelen8,RT @winstonmeiii: Two recent polls conducted by BLM gave Pres. Trump's job performance rating at 67% &amp; 89% (screens in reply). Since BLM is‚Ä¶,0
mullymt,@DailyCaller She's right in that Trump is part of that demographic.,0
petrock,@jpederson202 If he's elected America will have to. Just like they're having to deal with Trump now.,-1
GorillaPFilms,@leannuh_renay Every Military member Police officer Person of color who likes Trump is trash... Bigot,-1
SuperEB,‚ÄòImpeach Trump‚Äô billboards go up in Times Square ‚Äî RT US News #stupidshit  https://t.co/eeNyUoVqFv,-1
hannah_leighk,Day 310: Fuck Trump,-1
sbzty,EDUCATOR ‚Äî The head yearbook engagement of Creation Deposit Chairman Jim Yong Kim‚Äôs s terminus and of U.DUE SOUTH‚Ä¶ https://t.co/lcxSAIcwLE,0
pmccabe33,A Split From Trump Indicates That Flynn Is Moving to Cooperate With Mueller https://t.co/xMiKtjV7JL,0
pmccabe33,‚ÄúTrump Tells America ‚ÄòPOST THIS!‚Äô As He Prepares To Eliminate Equal Internet Access‚Äù by @AllanIshacNYC https://t.co/FYwkM8Qrrm,0
CrochetJanet,@ParrotHead716 @ShafPatel @realDonaldTrump LOL...You are a indoctrinated Trump cult member. Make America Gullible Again,-1
HOPE4Music,If this many people had been killed in an Egyptian Christian church #Trump would have tweeted 9 times about it by‚Ä¶ https://t.co/TFXseUXWde,-1
AddisondePitt,Trump FCC Wants To Remove Caps on Calls From Jails and Prisons and to Kill Network Neutrality -‚Ä¶ https://t.co/vCIefHDYIE,0
ThatHomoMarcus,RT @thescorpio69: @realDonaldTrump Donald Trump's tweets will be preserved forever so mental health clinicians psychologists and psychiat‚Ä¶,-1
MaraLaGoFuckYou,@AngieBatlle @MPFIED @thehill Sweetie the ONLY people who are jealous of Trump are those stupid enough to vote for him. üòâ,-1
Wilkerson_FWST,RT @annatinsley: Texan with ‚ÄòF--- Trump‚Äô sticker on pickup is now selling the infamous decalhttps://t.co/Rw2noKM0IX,0
phlrealness,RT @loosebricks: @FoxNews @Eminem Doesn't Eminem know that Trump only responds to criticism from black people?,-1
Treetachi,RT @omarsuleiman504: Hundreds of Muslims murdered while worshipping today. Trump‚Äôs solution: ban Muslims. #WhiteSupremacistLogic https://t.‚Ä¶,-1
MarcusRConnell,@IngrahamAngle @realDonaldTrump Due to an obviously ineffective GOP Congress &amp; Trump this POTUS hasn‚Äôt gotten ANY‚Ä¶ https://t.co/aJu1NRC3SY,0
ZaheerDaniels,RT @omarsuleiman504: Hundreds of Muslims murdered while worshipping today. Trump‚Äôs solution: ban Muslims. #WhiteSupremacistLogic https://t.‚Ä¶,-1
kysocialjustice,RT @omarsuleiman504: Hundreds of Muslims murdered while worshipping today. Trump‚Äôs solution: ban Muslims. #WhiteSupremacistLogic https://t.‚Ä¶,-1
loosebricks,@TheGregJim @fidman_143 @devinc1978 @FoxNews @Eminem Trump inherited $200m+ which he invested and made less off of‚Ä¶ https://t.co/EKVFbuhMBc,-1
TheMAGAMovement,As a Conservative Republican please leave Malia Obama alone &amp; Barron Trump alone &amp; the rest of the former President‚Ä¶ https://t.co/czGQvHZXed,0
JesiccaSmith2,RT @LouDobbsFans: How Trump Spent His Thanksgiving Says Everything About His Love for Those Who Serve https://t.co/oYjU4QGma8,1
startelegram,RT @annatinsley: Texan with ‚ÄòF--- Trump‚Äô sticker on pickup is now selling the infamous decalhttps://t.co/Rw2noKM0IX,0
KeithFrank31,Trump slams Goodell after anthem protests on Thanksgiving https://t.co/IYtyoVpTfP via @nypost #Trump,0
waggles111,RT @omarsuleiman504: Hundreds of Muslims murdered while worshipping today. Trump‚Äôs solution: ban Muslims. #WhiteSupremacistLogic https://t.‚Ä¶,-1
FayeSarazin,Turkey and U.S. Agreed to Fight 'Terrorist Organisations' Together-Turkish Presidency by REUTERS via NYT https://t.co/zXjuP6GX1X,0
willyt69,Who really wants to give this Has-Been (if ever really) has to say!! Ignore this vile pos POTUS! https://t.co/BKh6HzxpYH,0
OruchLaura,RT @LouDobbsFans: How Trump Spent His Thanksgiving Says Everything About His Love for Those Who Serve https://t.co/oYjU4QGma8,1
caitlynmackenzy,i love the fact that supernatural is making so many donald trump references to lucifer,0
OhDearMarkF,RT @LouDobbsFans: How Trump Spent His Thanksgiving Says Everything About His Love for Those Who Serve https://t.co/oYjU4QGma8,1
LeoReynaJr,RT @moy_says: Watched Coco and sat next to a dude wearing a Trump hat. After the movie he took the hat off and set it on the ground and l‚Ä¶,0
rutavala1,RT @LouDobbsFans: How Trump Spent His Thanksgiving Says Everything About His Love for Those Who Serve https://t.co/oYjU4QGma8,1
DanielDrerup,Trump supporters bruh https://t.co/GFSKKacxAV,0
COLE1954,@SheriffClarke CLARK WANTS TO BE WHITE SO BADLY AND HATES HIMSELF SO MUCH THAT HE COMES ACROSS AS PATHETIC.  SPEAK‚Ä¶ https://t.co/H9zDn3A3cO,0
doodlebug0,RT @moderate2severe: #OFAction #NotOnePenny #TaxScam #KilltheBill #SneakyRepeal Stop Trump and GOP transfer of wealth. Text Resist to 5‚Ä¶,-1
myownpetard,RT @moy_says: Watched Coco and sat next to a dude wearing a Trump hat. After the movie he took the hat off and set it on the ground and l‚Ä¶,0
loosebricks,@MarkSinatra @FoxNews @Eminem Hahaha no one needs to lie to make Trump look bad he manages that on his own.,-1
LouDobbsFans,How Trump Spent His Thanksgiving Says Everything About His Love for Those Who Serve https://t.co/oYjU4QGma8,1
mehmoodahmed111,RT @omarsuleiman504: Hundreds of Muslims murdered while worshipping today. Trump‚Äôs solution: ban Muslims. #WhiteSupremacistLogic https://t.‚Ä¶,-1
Radlein,RT @moy_says: Watched Coco and sat next to a dude wearing a Trump hat. After the movie he took the hat off and set it on the ground and l‚Ä¶,0
osiddiqui11,RT @omarsuleiman504: Hundreds of Muslims murdered while worshipping today. Trump‚Äôs solution: ban Muslims. #WhiteSupremacistLogic https://t.‚Ä¶,-1
maritzac,RT @moy_says: Watched Coco and sat next to a dude wearing a Trump hat. After the movie he took the hat off and set it on the ground and l‚Ä¶,0
jasonspencer_,DONALD TRUMP WEARING A BARONG IS SO FUNNY TO ME.   Jason Spencer Dallas https://t.co/0MeQCtJaSX,-1
RAnderjeski,Former NATO Supreme Allied Commander: Trump tried to ‚Äòscore cheap political points‚Äô with Thanksgiving speech to tro‚Ä¶ https://t.co/4bDRKCnpEo,-1
abc3340,Ivanka Trump: Malia Obama should be 'off limits' to media https://t.co/CQZcWzUVvH,0
1059WRTR,His lawyers have reportedly cut ties with Trump's legal team. https://t.co/D2IPMB0B78,0
WIAT42,The decision could be a sign that Flynn is moving to cooperate with Mueller‚Äôs investigation or negotiate a deal... https://t.co/75wI8QK1zC,0
WIAT42,AP source: Flynn lawyers make a break with Trump team https://t.co/E1iMEa5cQf,0
6687minni,@JournoJenkins67 @twright55 Trump just TALKED! Didn't do ANYTHING to those LITERALLY NASTY WOMEN! Too much of a GERMAPHOBE!!!,-1
twinkologist,@VickiK1 @bobinaz @BurkhillKathryn @QueenElisabeth @realDonaldTrump How is it an ‚Äúincorrect fact?‚Äù That‚Äôs literally‚Ä¶ https://t.co/uyLyfYxNUa,0
MichaelBaileyMD,@mcuban At least everybody with a job pays into Medicare and social security through payroll taxes.  Makes no sense‚Ä¶ https://t.co/QJqkB4pNmu,0
RTR_TRUMP,RT @UofAlabama: Have plans tomorrow? Give us a #RollTide if you'll be tuning in to the Iron Bowl (or if you'll be there!!) üì∫ CBS / üïú 2:30pm‚Ä¶,0
WendyKeel4,@realTanyaTay my MAGA artist friend Liz painted a bunch of these ornaments. If you and Jack would like one please l‚Ä¶ https://t.co/9nRIMR08Kn,0
Chris_Heine,RT @griner: Trump screaming MAGA at a columnist calling out his racism is maybe my favorite deleted tweet ever. https://t.co/EajmRVItGe,-1
Rachel_McRea,Tillerson's senior team planning to skip Ivanka Trump's India triphttps://t.co/z5OLa6nvWR,0
AnnaJussme,@Ms_Liz2 @AlabamaBlueGir1 @realDonaldTrump Actually his wife was interviewed &amp; said that he forcefully had sex wit‚Ä¶ https://t.co/reFvgAtXW2,-1
mattlayne,He‚Äôs a Member of Congress. The Kremlin Likes Him So Much It Gave Him a Code Name. https://t.co/uDm1e0Ucj4,0
RTR_TRUMP,RT @HailStateFB: Our guy @nickfitz07 had successful surgery on his ankle this morning. He's doing fine and we expect him to make a full re‚Ä¶,0
FallBeforeFire,History doesn't repeat itself we repeat history itself.1968 - Arab/Israeli war1968 - The Korean WarIt is NOT‚Ä¶ https://t.co/vW3SilxLO7,0
dPosssum,Do you not think we have enough illegals here already.Olivia Wilde Has a Thanksgiving Day Message for Ivanka Trump https://t.co/GnwvNqq7tY,0
Michael19525793,@drekaplan Yes and candidate Trump said he would not have time for golf as POTUS.  He also said he would never leave the White House.,0
abc3340,Trump calls for wall travel ban after Egypt mosque attack https://t.co/nCc8Nibw9Q https://t.co/3CHHxaVIcF,0
SummitMediaCorp,In rare admission Trump golfs (quickly) with Woods Johnson https://t.co/kmCQWpGPgp https://t.co/KoUtyJJeq2,0
echatepalla,RT @karlaarcher: ‚ÄúThe emerging alliance between Putin and Trump‚Äôs God squad‚Äù by @jackmjenkins https://t.co/yDr7HAXp59,0
Bamatopher,@chelseahandler When it‚Äôs not popular to bash Trump you will fall right in line. It‚Äôs sad to see how much of a she‚Ä¶ https://t.co/GRE1cgQq5v,-1
Phil_provost92,@ShawnEndres_ how many shots you think trump is getting? https://t.co/jKzzRW351m,-1
BluePixie3,ü§£ü§£ü§£ Are they trolling tRUmp with the mishmash of prison wear? https://t.co/hfT7DByrkD,-1
vjonesphoto,RT @vjonesphoto: @krassenstein Trump is so illegitimate that he will never tarnish Pres Obama‚Äôs legacy. Never.,-1
vjonesphoto,@krassenstein Trump is so illegitimate that he will never tarnish Pres Obama‚Äôs legacy. Never.,-1
dorisdtt2,@SheriffClarke WTF ‚Äî you‚Äôre still talking about Obama a man you couldn‚Äôt and still can‚Äôt hold a candle to ‚Ä¶ you or‚Ä¶ https://t.co/jFb2yMggEy,0
WIAT42,Trump who has been signaling interest in the issue for some time said this past week that he wants to tackle... https://t.co/aSp21WIgQ8,0
twinkologist,@Keyawnce Trump admitting to sexual assault was ‚ÄúOh my God it was so long ago‚Äù but Obama dressing up as a Black Pa‚Ä¶ https://t.co/0b91uyiMOb,-1
murdochdavis,@RVAwonk How is this not at a Trump property?,0
lakemann374,@AnthonyMKreis You do realize it will do no good to ask these questions.  The Log Cabin are off in LA LA land.  The‚Ä¶ https://t.co/ovSlMrkNjx,0
riche004,@realDonaldTrump DONALD FUCKING TRUMP https://t.co/Dz2PIOh9jY,-1
Bamatopher,@RealCinders2 @OnePeaceTactics @jerseygirl2you @nbc @nbc Could care less. They are after headlines and Trump bashin‚Ä¶ https://t.co/2Y4gnPxTg4,0
dwaynecobb,The 13 most bizarre lines in GOP(R)Trump's Thanksgiving speech @realDonaldTrump  https://t.co/M7foOQAPPf,-1
Bamatopher,Then leave Baron Trump alone. Can‚Äôt have it both ways.  https://t.co/TKzpi3Aafo,0
LCHines1911,The leadership of Trump and Moore this is what we have devolved into. The GOP claimed to be the party of morals an‚Ä¶ https://t.co/l9heDAUe3r,0
findleykaleb,@Flannology @TheDanieliscool @RahulKohli13 @benshapiro I like Shapiro for the most part. I fall to slightly right o‚Ä¶ https://t.co/okM1yTE7Gg,0
sister_girl27,RT @michaelharriot: Donald Trump was said Doug Jones who convicted racists who murdered 4 little girls is ‚Äúsoft on crime‚Äù‚Ä¶As opposed to‚Ä¶,0
WVTM13,Trump signals welfare reform is next with details to come https://t.co/MgbA54HVXu https://t.co/gEm4SmouLJ,0
findleykaleb,@Flannology @TheDanieliscool @RahulKohli13 I have a sincere question for you. I agree with you're original sentimen‚Ä¶ https://t.co/w2lc9XBlcF,0
1flwpbmll,RT @TyrekMyles_: @realDonaldTrump @ThePlumLineGS This is what Trump tweeted MAGA to... I‚Äôm tired y‚Äôall https://t.co/uLQep2jiBT,-1
Michael19525793,@amandacarpenter President Obama's favorite food is pizza.  Flynn likes pizza.  So Obama must be responsible for Tr‚Ä¶ https://t.co/X716iE1tix,0
pebetth,@kashanacauley @HairyBiker2 but trump the spare tire,0
mmholtphd1,Actually Trump isn't an adult. He should be seated at the malignant narcissist table with an ankle bracelet so we c‚Ä¶ https://t.co/LdwqTeiprb,-1
mmholtphd1,We #NeedtoImpeach @RealDonaldTrump. Join me and sign on to @TomSteyer‚Äôs petition demanding Congress impeach Trump. https://t.co/sCvrh9s8jD,-1
TrentThrash,Your book blames everybody for your loss except yourself. You're just as bad as Trump at at not getting over the el‚Ä¶ https://t.co/ir5xYB7sYj,-1
murdochdavis,Tiger is going take a knee to check the break on a putt and Dustin will hum the anthem and T-Rump will totally lose‚Ä¶ https://t.co/rKpdO0kxIw,0
Mr205dan,RT @abc3340: Flynn lawyers make a break with Trump team https://t.co/rZGVB5rGnz,0
Carlo_ThChThr,I‚Äôve just realized this scene in Jaws is a perfect allegory for America in 2017.shark = TrumpChief Brody = Democ‚Ä¶ https://t.co/GZyZujEOfL,0
abc3340,Flynn lawyers make a break with Trump team https://t.co/rZGVB5rGnz,0
ralphwvickerman,RT @mitchellvii: Vladimir Putin could have literally voluntarily manned the phones at Trump Tower full time for 2 years and that would NOT‚Ä¶,0
01mb2,RT @EdKrassen: Evidence now suggests that Putin knew Trump was running for President 18 months before America did!This means that Manafor‚Ä¶,0
Linda_WCovfefe,RT @mitchellvii: So Obama should be in real trouble then since his GDP sucked and he was up to his oversized earlobes in corruption and cri‚Ä¶,0
HarleyL43367575,RT @mitchellvii: What did Russia have on Trump?  A fake dossier about peeing prostitutes?  What did Russia have on Hillary?  She sold 20% o‚Ä¶,0
TweeterEighty8,RT @mitchellvii: Vladimir Putin could have literally voluntarily manned the phones at Trump Tower full time for 2 years and that would NOT‚Ä¶,0
Nanasweetgirls,RT @EdKrassen: @IRdotnet @realDonaldTrump NFL ratings aren‚Äôt plummeting.  Those are your ratings Mr Trump!  The NFL ratings are down just 2‚Ä¶,-1
JW_Hays,RT @EdKrassen: Feb 7 2017 Trump Tweeted: "I don't know Putin have no deals in Russia and the haters are going crazy"November 24 2017‚Ä¶,0
Linda_WCovfefe,RT @mitchellvii: WHY THE TRUMP ECONOMIC MIRACLE? Trump administration cancels hundreds of Obama-era regulations - The Washington Post https‚Ä¶,1
Margare57382127,RT @EdKrassen: The Right attacks Malia Obama for doing what normal college kids do.The Right embraces Donald Trump Jr. for doing what norm‚Ä¶,0
Atandieu,RT @EdKrassen: Trump using the Mosque bombing in Sinai #Egypt to justify building a Mexican border wall is like my son using the fact he's‚Ä¶,-1
woulfmann,RT @EdKrassen: The Right attacks Malia Obama for doing what normal college kids do.The Right embraces Donald Trump Jr. for doing what norm‚Ä¶,0
jifisherohio,RT @EdKrassen: Evidence now suggests that Putin knew Trump was running for President 18 months before America did!This means that Manafor‚Ä¶,0
LeighLike1234,RT @EdKrassen: Evidence now suggests that Putin knew Trump was running for President 18 months before America did!This means that Manafor‚Ä¶,0
n2play,RT @EdKrassen: 5 months ago Trump blocked both myself &amp; my twin Brian @krassenstein on Twitter. We didn't roll over. We fought back. Bria‚Ä¶,-1
Nanasweetgirls,RT @EdKrassen: @IRdotnet @realDonaldTrump The Constitution was written with people like you in mind Mr Trump!,-1
IronicPhase,RT @EdKrassen: Feb 7 2017 Trump Tweeted: "I don't know Putin have no deals in Russia and the haters are going crazy"November 24 2017‚Ä¶,0
kimero14,RT @EdKrassen: Feb 7 2017 Trump Tweeted: "I don't know Putin have no deals in Russia and the haters are going crazy"November 24 2017‚Ä¶,0
chatty42,RT @EdKrassen: Evidence now suggests that Putin knew Trump was running for President 18 months before America did!This means that Manafor‚Ä¶,0
MamaB_L,RT @mitchellvii: Vladimir Putin could have literally voluntarily manned the phones at Trump Tower full time for 2 years and that would NOT‚Ä¶,0
KateWalter12,RT @EdKrassen: Trump using the Mosque bombing in Sinai #Egypt to justify building a Mexican border wall is like my son using the fact he's‚Ä¶,-1
KrukMatt,RT @EdKrassen: Feb 7 2017 Trump Tweeted: "I don't know Putin have no deals in Russia and the haters are going crazy"November 24 2017‚Ä¶,0
bernielove1969,RT @EdKrassen: Feb 7 2017 Trump Tweeted: "I don't know Putin have no deals in Russia and the haters are going crazy"November 24 2017‚Ä¶,0
junecrotty,RT @mitchellvii: Trump killed hundreds of Obama-era regulations.  If the current economic surge is because of Obama shouldn't that have pr‚Ä¶,1
dashnalhaboris,RT @EdKrassen: Evidence now suggests that Putin knew Trump was running for President 18 months before America did!This means that Manafor‚Ä¶,0
WintPauline,RT @EdKrassen: If you are a: - wealthy white male Trump loves you.- poor white male Trump expects you to love him.- a wealthy black ma‚Ä¶,-1
terry_mcnemar,RT @mitchellvii: What did Russia have on Trump?  A fake dossier about peeing prostitutes?  What did Russia have on Hillary?  She sold 20% o‚Ä¶,0
SabaAthif,RT @EdKrassen: Feb 7 2017 Trump Tweeted: "I don't know Putin have no deals in Russia and the haters are going crazy"November 24 2017‚Ä¶,0
SnarkygayG,RT @mitchellvii: Vladimir Putin could have literally voluntarily manned the phones at Trump Tower full time for 2 years and that would NOT‚Ä¶,0
cali_toad,RT @EdKrassen: Feb 7 2017 Trump Tweeted: "I don't know Putin have no deals in Russia and the haters are going crazy"November 24 2017‚Ä¶,0
tomascampos245,RT @EdKrassen: Happy Thanksgiving and Let's all hope that this Thanksgiving is the last one with Donald Trump as President.  I'm thankful f‚Ä¶,-1
LadyDetectiveX,RT @EdKrassen: In 1776 25K American soldiers died in the Revolution to gain our freedom.The Emoluments Clause that the Trump family has br‚Ä¶,-1
marcella_the,RT @EdKrassen: Malia Obama kisses a fellow student and blows smoke from her mouth and the Right is ready to call for Obama to be Jailed.D‚Ä¶,0
dmolina680,RT @EdKrassen: Evidence now suggests that Putin knew Trump was running for President 18 months before America did!This means that Manafor‚Ä¶,0
JerryLOakley1,RT @EdKrassen: @IRdotnet @realDonaldTrump The Constitution was written with people like you in mind Mr Trump!,-1
jtuttle55,RT @mitchellvii: What did Russia have on Trump?  A fake dossier about peeing prostitutes?  What did Russia have on Hillary?  She sold 20% o‚Ä¶,0
CarrStump1,RT @EdKrassen: Feb 7 2017 Trump Tweeted: "I don't know Putin have no deals in Russia and the haters are going crazy"November 24 2017‚Ä¶,0
kellwoohoo,RT @EdKrassen: Evidence now suggests that Putin knew Trump was running for President 18 months before America did!This means that Manafor‚Ä¶,0
junecrotty,RT @mitchellvii: Two things: Never bet against Trump and never get into a war of words with @mitchellvii on Twitter.,0
DonnaKDDJ,RT @EdKrassen: Trump argues that we can't afford to take in refugees because we need to feed our own.Trump then takes away meals on wheel‚Ä¶,-1
JamesDiGeorgia,The Retaliatory State: Trump Using Government As Revenge https://t.co/BFF5MhGLZq via @intelligencer,-1
junecrotty,RT @mitchellvii: WHY THE TRUMP ECONOMIC MIRACLE? Trump administration cancels hundreds of Obama-era regulations - The Washington Post https‚Ä¶,1
ehalliday07,RT @EdKrassen: The Right attacks Malia Obama for doing what normal college kids do.The Right embraces Donald Trump Jr. for doing what norm‚Ä¶,0
weareteamtrump,This #job might be a great fit for you: Stock Room Clerk - https://t.co/SUiNooYvZN #Hospitality #Miami FL #Hiring,0
Peony459,@AP_Politics SOME Trump supporters.  Geez...stop using such a broad brush will ya?,0
Zofie411,RT @EdKrassen: Malia Obama kisses a fellow student and blows smoke from her mouth and the Right is ready to call for Obama to be Jailed.D‚Ä¶,0
sbohs315,RT @EdKrassen: Feb 7 2017 Trump Tweeted: "I don't know Putin have no deals in Russia and the haters are going crazy"November 24 2017‚Ä¶,0
motherofdoggos_,RT @EdKrassen: Malia Obama kisses a fellow student and blows smoke from her mouth and the Right is ready to call for Obama to be Jailed.D‚Ä¶,0
voop,RT @EdKrassen: Feb 7 2017 Trump Tweeted: "I don't know Putin have no deals in Russia and the haters are going crazy"November 24 2017‚Ä¶,0
4Freedom4ever,RT @mitchellvii: Vladimir Putin could have literally voluntarily manned the phones at Trump Tower full time for 2 years and that would NOT‚Ä¶,0
MelindaThinker,RT @EdKrassen: Malia Obama kisses a fellow student and blows smoke from her mouth and the Right is ready to call for Obama to be Jailed.D‚Ä¶,0
